timestamp,ball_x_norm,ball_y_norm,servo_x,servo_y,detected
2026-03-02 16:12:53.781842,0.010344827586206896,0.017241379310344827,87.3428275862069,94,1
2026-03-02 16:12:53.819404,0.010344827586206896,0.017241379310344827,89.82496551724138,90.29172413793104,1
2026-03-02 16:12:53.852033,0.010344827586206896,0.017241379310344827,90.65110344827586,90.29379310344828,1
2026-03-02 16:12:53.909794,0.013793103448275862,0.017241379310344827,88.9371724137931,90.29482758620689,1
2026-03-02 16:12:53.951813,0.010344827586206896,0.017241379310344827,89.82144827586207,90.29689655172413,1
2026-03-02 16:12:54.003638,0.010344827586206896,0.017241379310344827,89.8208275862069,90.29793103448276,1
2026-03-02 16:12:54.028672,0.010344827586206896,0.017241379310344827,89.82020689655172,90.29896551724138,1
2026-03-02 16:12:54.054384,0.013793103448275862,0.017241379310344827,88.93386206896551,90.3,1
2026-03-02 16:12:54.080508,0.010344827586206896,0.017241379310344827,90.6463448275862,90.30103448275862,1
2026-03-02 16:12:54.105786,0.013793103448275862,0.020689655172413793,88.93241379310345,91.18779310344827,1
2026-03-02 16:12:54.131534,0.013793103448275862,0.017241379310344827,89.75917241379311,89.47572413793104,1
2026-03-02 16:12:54.157046,0.010344827586206896,0.020689655172413793,90.64406896551723,91.19006896551724,1
2026-03-02 16:12:54.182829,0.010344827586206896,0.020689655172413793,89.81586206896552,90.36372413793103,1
2026-03-02 16:12:54.208537,0.017241379310344827,0.017241379310344827,88.04379310344828,89.47924137931034,1
2026-03-02 16:12:54.233597,0.010344827586206896,0.017241379310344827,91.46937931034483,90.30786206896552,1
2026-03-02 16:12:54.258985,0.013793103448275862,0.017241379310344827,88.92786206896551,90.30889655172413,1
2026-03-02 16:12:54.285104,0.013793103448275862,0.017241379310344827,89.75462068965517,90.30993103448276,1
2026-03-02 16:12:54.309852,0.010344827586206896,0.017241379310344827,90.63951724137931,90.31096551724139,1
2026-03-02 16:12:54.335609,0.013793103448275862,0.020689655172413793,88.92558620689655,91.19772413793103,1
2026-03-02 16:12:54.361554,0.013793103448275862,0.017241379310344827,89.75234482758621,89.4856551724138,1
2026-03-02 16:12:54.386318,0.006896551724137931,0.017241379310344827,93.29441379310344,90.31427586206897,1
2026-03-02 16:12:54.411250,0.010344827586206896,0.020689655172413793,89.29441379310344,91.20103448275862,1
2026-03-02 16:12:54.435230,0.013793103448275862,0.017241379310344827,88.92331034482758,89.48896551724138,1
2026-03-02 16:12:54.458819,0.006896551724137931,0.017241379310344827,92.92331034482758,90.31758620689655,1
2026-03-02 16:12:54.483429,0.010344827586206896,0.020689655172413793,88.92331034482758,91.20434482758621,1
2026-03-02 16:12:54.506985,0.013793103448275862,0.017241379310344827,88.92186206896552,89.49227586206896,1
2026-03-02 16:12:54.531280,0.006896551724137931,0.020689655172413793,92.92186206896552,91.20662068965517,1
2026-03-02 16:12:54.555284,0.013793103448275862,0.020689655172413793,88.92186206896552,90.38027586206897,1
2026-03-02 16:12:54.580681,0.013793103448275862,0.017241379310344827,89.74779310344827,89.49579310344828,1
2026-03-02 16:12:54.603677,0.006896551724137931,0.020689655172413793,93.28986206896552,91.21013793103448,1
2026-03-02 16:12:54.627676,0.010344827586206896,0.020689655172413793,89.28986206896552,90.38379310344827,1
2026-03-02 16:12:54.652178,0.013793103448275862,0.020689655172413793,88.91875862068966,90.38503448275863,1
2026-03-02 16:12:54.675495,0.006896551724137931,0.020689655172413793,92.91875862068966,90.38627586206897,1
2026-03-02 16:12:54.699973,0.010344827586206896,0.020689655172413793,88.91875862068966,90.38751724137931,1
2026-03-02 16:12:54.738181,0.013793103448275862,0.020689655172413793,88.91731034482758,90.38875862068966,1
2026-03-02 16:12:54.771385,0.010344827586206896,0.020689655172413793,88.91731034482758,90.39124137931034,1
2026-03-02 16:12:54.795765,0.013793103448275862,0.017241379310344827,88.91586206896552,89.50675862068965,1
2026-03-02 16:12:54.819723,0.006896551724137931,0.020689655172413793,92.91586206896552,91.22110344827587,1
2026-03-02 16:12:54.844232,0.013793103448275862,0.020689655172413793,88.91586206896552,90.39475862068966,1
2026-03-02 16:12:54.867944,0.013793103448275862,0.020689655172413793,89.74179310344827,90.396,1
2026-03-02 16:12:54.892060,0.006896551724137931,0.017241379310344827,93.28386206896552,89.51151724137931,1
2026-03-02 16:12:54.916150,0.010344827586206896,0.020689655172413793,89.28386206896552,91.22586206896551,1
2026-03-02 16:12:54.939912,0.010344827586206896,0.020689655172413793,89.7984827586207,90.39951724137931,1
2026-03-02 16:12:54.964326,0.006896551724137931,0.020689655172413793,92.45503448275862,90.40075862068966,1
2026-03-02 16:12:54.988328,0.010344827586206896,0.020689655172413793,88.45503448275862,90.402,1
2026-03-02 16:12:55.012283,0.013793103448275862,0.020689655172413793,88.91151724137931,90.40324137931034,1
2026-03-02 16:12:55.036186,0.010344827586206896,0.020689655172413793,90.624,90.40448275862069,1
2026-03-02 16:12:55.060221,0.013793103448275862,0.020689655172413793,88.91006896551724,90.40572413793103,1
2026-03-02 16:12:55.084564,0.010344827586206896,0.020689655172413793,90.62255172413794,90.40696551724137,1
2026-03-02 16:12:55.108160,0.006896551724137931,0.020689655172413793,92.4515172413793,90.40820689655172,1
2026-03-02 16:12:55.132885,0.010344827586206896,0.020689655172413793,88.4515172413793,90.40944827586208,1
2026-03-02 16:12:55.156935,0.010344827586206896,0.020689655172413793,89.79372413793104,90.41068965517242,1
2026-03-02 16:12:55.181088,0.010344827586206896,0.020689655172413793,89.79310344827586,90.41193103448276,1
2026-03-02 16:12:55.206163,0.013793103448275862,0.020689655172413793,88.90675862068966,90.4131724137931,1
2026-03-02 16:12:55.229954,0.013793103448275862,0.020689655172413793,89.73351724137932,90.41441379310345,1
2026-03-02 16:12:55.253545,0.010344827586206896,0.020689655172413793,90.61841379310344,90.41565517241379,1
2026-03-02 16:12:55.277673,0.013793103448275862,0.020689655172413793,88.90448275862069,90.41689655172414,1
2026-03-02 16:12:55.303775,0.013793103448275862,0.020689655172413793,89.73124137931035,90.41813793103448,1
2026-03-02 16:12:55.325625,0.010344827586206896,0.020689655172413793,90.61613793103449,90.41937931034482,1
2026-03-02 16:12:55.350735,0.013793103448275862,0.020689655172413793,88.90220689655172,90.42062068965517,1
2026-03-02 16:12:55.374166,0.010344827586206896,0.020689655172413793,90.61468965517241,90.42186206896552,1
2026-03-02 16:12:55.398561,0.010344827586206896,0.020689655172413793,89.78648275862069,90.42310344827587,1
2026-03-02 16:12:55.422517,0.013793103448275862,0.020689655172413793,88.90013793103448,90.42434482758621,1
2026-03-02 16:12:55.446708,0.010344827586206896,0.020689655172413793,90.61262068965517,90.42558620689655,1
2026-03-02 16:12:55.470693,0.010344827586206896,0.020689655172413793,89.78441379310345,90.4268275862069,1
2026-03-02 16:12:55.503926,0.013793103448275862,0.020689655172413793,88.89806896551724,90.42806896551724,1
2026-03-02 16:12:55.542910,0.006896551724137931,0.017241379310344827,92.4395172413793,89.54482758620689,1
2026-03-02 16:12:55.567160,0.013793103448275862,0.020689655172413793,88.4395172413793,91.25917241379311,1
2026-03-02 16:12:55.591058,0.010344827586206896,0.017241379310344827,90.60910344827586,89.54710344827586,1
2026-03-02 16:12:55.614915,0.006896551724137931,0.017241379310344827,92.43806896551725,90.37572413793103,1
2026-03-02 16:12:55.639471,0.013793103448275862,0.020689655172413793,88.43806896551725,91.26248275862069,1
2026-03-02 16:12:55.674363,0.010344827586206896,0.020689655172413793,90.6076551724138,90.43613793103448,1
2026-03-02 16:12:55.711686,0.010344827586206896,0.020689655172413793,89.7788275862069,90.43862068965517,1
2026-03-02 16:12:55.735421,0.006896551724137931,0.020689655172413793,92.43537931034483,90.43986206896551,1
2026-03-02 16:12:55.759189,0.010344827586206896,0.020689655172413793,88.43537931034483,90.44110344827587,1
2026-03-02 16:12:55.783734,0.013793103448275862,0.020689655172413793,88.89186206896552,90.44234482758621,1
2026-03-02 16:12:55.807321,0.010344827586206896,0.017241379310344827,90.6043448275862,89.55786206896552,1
2026-03-02 16:12:55.831843,0.010344827586206896,0.020689655172413793,89.77613793103448,91.27220689655172,1
2026-03-02 16:12:55.856368,0.013793103448275862,0.020689655172413793,88.88979310344827,90.44586206896551,1
2026-03-02 16:12:55.880534,0.010344827586206896,0.020689655172413793,90.60227586206896,90.44710344827587,1
2026-03-02 16:12:55.904363,0.010344827586206896,0.020689655172413793,89.77406896551724,90.44834482758621,1
2026-03-02 16:12:55.928391,0.013793103448275862,0.020689655172413793,88.88772413793103,90.44958620689656,1
2026-03-02 16:12:55.952295,0.006896551724137931,0.020689655172413793,92.88772413793103,90.4508275862069,1
2026-03-02 16:12:55.976402,0.010344827586206896,0.020689655172413793,88.88772413793103,90.45206896551724,1
2026-03-02 16:12:56.000776,0.010344827586206896,0.020689655172413793,89.772,90.45331034482759,1
2026-03-02 16:12:56.025042,0.006896551724137931,0.020689655172413793,92.42855172413793,90.45455172413793,1
2026-03-02 16:12:56.049063,0.010344827586206896,0.020689655172413793,88.42855172413793,90.45579310344827,1
2026-03-02 16:12:56.072796,0.013793103448275862,0.020689655172413793,88.88503448275863,90.45703448275862,1
2026-03-02 16:12:56.097109,0.006896551724137931,0.020689655172413793,92.88503448275863,90.45827586206896,1
2026-03-02 16:12:56.120999,0.010344827586206896,0.020689655172413793,88.88503448275863,90.45951724137932,1
2026-03-02 16:12:56.145615,0.010344827586206896,0.020689655172413793,89.76931034482759,90.46075862068966,1
2026-03-02 16:12:56.169161,0.006896551724137931,0.020689655172413793,92.42586206896551,90.462,1
2026-03-02 16:12:56.192927,0.010344827586206896,0.020689655172413793,88.42586206896551,90.46324137931035,1
2026-03-02 16:12:56.217111,0.010344827586206896,0.020689655172413793,89.76806896551724,90.46448275862069,1
2026-03-02 16:12:56.240822,0.006896551724137931,0.020689655172413793,92.42462068965517,90.46572413793103,1
2026-03-02 16:12:56.265573,0.010344827586206896,0.020689655172413793,88.42462068965517,90.46696551724138,1
2026-03-02 16:12:56.289664,0.010344827586206896,0.020689655172413793,89.7668275862069,90.46820689655172,1
2026-03-02 16:12:56.314470,0.006896551724137931,0.020689655172413793,92.42337931034483,90.46944827586206,1
2026-03-02 16:12:56.338100,0.010344827586206896,0.020689655172413793,88.42337931034483,90.47068965517241,1
2026-03-02 16:12:56.362326,0.013793103448275862,0.020689655172413793,88.87986206896552,90.47193103448276,1
2026-03-02 16:12:56.386050,0.006896551724137931,0.020689655172413793,92.87986206896552,90.47317241379311,1
2026-03-02 16:12:56.410453,0.010344827586206896,0.020689655172413793,88.87986206896552,90.47441379310345,1
2026-03-02 16:12:56.434423,0.010344827586206896,0.020689655172413793,89.76413793103448,90.4756551724138,1
2026-03-02 16:12:56.458541,0.006896551724137931,0.020689655172413793,92.42068965517241,90.47689655172414,1
2026-03-02 16:12:56.483016,0.010344827586206896,0.020689655172413793,88.42068965517241,90.47813793103448,1
2026-03-02 16:12:56.507032,0.010344827586206896,0.020689655172413793,89.76289655172414,90.47937931034483,1
2026-03-02 16:12:56.530924,0.010344827586206896,0.020689655172413793,89.76227586206896,90.48062068965517,1
2026-03-02 16:12:56.555201,0.013793103448275862,0.020689655172413793,88.87593103448276,90.48186206896551,1
2026-03-02 16:12:56.579315,0.013793103448275862,0.020689655172413793,89.70268965517242,90.48310344827586,1
2026-03-02 16:12:56.603000,0.010344827586206896,0.020689655172413793,90.58758620689655,90.48434482758621,1
2026-03-02 16:12:56.627455,0.013793103448275862,0.020689655172413793,88.87365517241379,90.48558620689656,1
2026-03-02 16:12:56.658656,0.013793103448275862,0.020689655172413793,89.70041379310345,90.4868275862069,1
2026-03-02 16:12:56.700211,0.013793103448275862,0.020689655172413793,88.87137931034482,90.48931034482759,1
2026-03-02 16:12:56.723734,0.013793103448275862,0.020689655172413793,89.69813793103448,90.49055172413793,1
2026-03-02 16:12:56.747962,0.010344827586206896,0.020689655172413793,90.58303448275862,90.49179310344827,1
2026-03-02 16:12:56.772303,0.013793103448275862,0.020689655172413793,88.86910344827587,90.49303448275862,1
2026-03-02 16:12:56.796019,0.013793103448275862,0.020689655172413793,89.69586206896551,90.49427586206896,1
2026-03-02 16:12:56.821129,0.010344827586206896,0.020689655172413793,90.58075862068965,90.4955172413793,1
2026-03-02 16:12:56.845255,0.010344827586206896,0.020689655172413793,89.75255172413793,90.49675862068966,1
2026-03-02 16:12:56.868825,0.013793103448275862,0.020689655172413793,88.86620689655173,90.498,1
2026-03-02 16:12:56.893309,0.010344827586206896,0.020689655172413793,90.57868965517241,90.49924137931035,1
2026-03-02 16:12:56.917541,0.013793103448275862,0.020689655172413793,88.86475862068966,90.50048275862069,1
2026-03-02 16:12:56.941406,0.013793103448275862,0.020689655172413793,89.69151724137932,90.50172413793103,1
2026-03-02 16:12:56.964846,0.010344827586206896,0.020689655172413793,90.57641379310346,90.50296551724138,1
2026-03-02 16:12:56.989519,0.013793103448275862,0.020689655172413793,88.86248275862069,90.50420689655172,1
2026-03-02 16:12:57.013144,0.010344827586206896,0.020689655172413793,90.57496551724138,90.50544827586207,1
2026-03-02 16:12:57.036899,0.006896551724137931,0.020689655172413793,92.40393103448275,90.50668965517241,1
2026-03-02 16:12:57.061637,0.013793103448275862,0.020689655172413793,88.40393103448275,90.50793103448275,1
2026-03-02 16:12:57.097679,0.010344827586206896,0.020689655172413793,90.5735172413793,90.50917241379311,1
2026-03-02 16:12:57.133782,0.013793103448275862,0.020689655172413793,88.85896551724137,91.33903448275862,1
2026-03-02 16:12:57.157731,0.010344827586206896,0.020689655172413793,90.57144827586207,90.51268965517241,1
2026-03-02 16:12:57.181848,0.010344827586206896,0.020689655172413793,89.74324137931035,90.51393103448275,1
2026-03-02 16:12:57.206210,0.013793103448275862,0.020689655172413793,88.85689655172413,90.51517241379311,1
2026-03-02 16:12:57.230306,0.010344827586206896,0.020689655172413793,90.56937931034483,90.51641379310345,1
2026-03-02 16:12:57.254259,0.010344827586206896,0.020689655172413793,89.74117241379311,90.5176551724138,1
2026-03-02 16:12:57.278616,0.013793103448275862,0.020689655172413793,88.8548275862069,90.51889655172414,1
2026-03-02 16:12:57.315117,0.010344827586206896,0.020689655172413793,90.56731034482759,90.52013793103448,1
2026-03-02 16:12:57.350650,0.013793103448275862,0.020689655172413793,88.85275862068966,90.52262068965517,1
2026-03-02 16:12:57.374934,0.010344827586206896,0.020689655172413793,90.56524137931035,90.52386206896551,1
2026-03-02 16:12:57.399112,0.006896551724137931,0.017241379310344827,92.39420689655172,89.63937931034482,1
2026-03-02 16:12:57.422913,0.010344827586206896,0.020689655172413793,88.39420689655172,91.35372413793104,1
2026-03-02 16:12:57.447093,0.006896551724137931,0.020689655172413793,92.39358620689656,90.52737931034483,1
2026-03-02 16:12:57.473779,0.010344827586206896,0.020689655172413793,88.39358620689656,90.52862068965517,1
2026-03-02 16:12:57.497765,0.013793103448275862,0.020689655172413793,88.85006896551724,90.52986206896551,1
2026-03-02 16:12:57.523158,0.010344827586206896,0.020689655172413793,90.56255172413793,90.53110344827586,1
2026-03-02 16:12:57.550603,0.010344827586206896,0.020689655172413793,89.73434482758621,90.5323448275862,1
2026-03-02 16:12:57.573882,0.013793103448275862,0.020689655172413793,88.848,90.53358620689656,1
2026-03-02 16:12:57.599131,0.006896551724137931,0.020689655172413793,92.848,90.5348275862069,1
2026-03-02 16:12:57.624830,0.010344827586206896,0.020689655172413793,88.848,90.53606896551725,1
2026-03-02 16:12:57.650471,0.013793103448275862,0.020689655172413793,88.84655172413792,90.53731034482759,1
2026-03-02 16:12:57.675068,0.010344827586206896,0.020689655172413793,90.55903448275862,90.53855172413793,1
2026-03-02 16:12:57.700695,0.010344827586206896,0.020689655172413793,89.7308275862069,90.53979310344828,1
2026-03-02 16:12:57.727033,0.013793103448275862,0.020689655172413793,88.84448275862069,90.54103448275862,1
2026-03-02 16:12:57.752324,0.006896551724137931,0.020689655172413793,92.84448275862069,90.54227586206896,1
2026-03-02 16:12:57.777515,0.010344827586206896,0.020689655172413793,88.84448275862069,90.5435172413793,1
2026-03-02 16:12:57.803361,0.010344827586206896,0.020689655172413793,89.72875862068966,90.54475862068965,1
2026-03-02 16:12:57.829367,0.006896551724137931,0.020689655172413793,92.38531034482759,90.546,1
2026-03-02 16:12:57.854609,0.010344827586206896,0.020689655172413793,88.38531034482759,90.54724137931035,1
2026-03-02 16:12:57.881190,0.010344827586206896,0.020689655172413793,89.72751724137932,90.5484827586207,1
2026-03-02 16:12:57.906303,0.006896551724137931,0.020689655172413793,92.38406896551724,90.54972413793104,1
2026-03-02 16:12:57.931307,0.010344827586206896,0.020689655172413793,88.38406896551724,90.55096551724138,1
2026-03-02 16:12:57.956642,0.010344827586206896,0.020689655172413793,89.72627586206896,90.55220689655172,1
2026-03-02 16:12:57.982755,0.006896551724137931,0.020689655172413793,92.3828275862069,90.55344827586207,1
2026-03-02 16:12:58.007750,0.010344827586206896,0.020689655172413793,88.3828275862069,90.55468965517241,1
2026-03-02 16:12:58.032456,0.010344827586206896,0.020689655172413793,89.72503448275862,90.55593103448275,1
2026-03-02 16:12:58.056498,0.006896551724137931,0.020689655172413793,92.38158620689656,90.5571724137931,1
2026-03-02 16:12:58.080337,0.010344827586206896,0.020689655172413793,88.38158620689656,90.55841379310345,1
2026-03-02 16:12:58.104653,0.010344827586206896,0.020689655172413793,89.72379310344827,90.5596551724138,1
2026-03-02 16:12:58.128513,0.006896551724137931,0.020689655172413793,92.38034482758621,90.56089655172414,1
2026-03-02 16:12:58.152524,0.010344827586206896,0.020689655172413793,88.38034482758621,90.56213793103448,1
2026-03-02 16:12:58.176079,0.010344827586206896,0.020689655172413793,89.72255172413793,90.56337931034483,1
2026-03-02 16:12:58.200563,0.006896551724137931,0.020689655172413793,92.37910344827586,90.56462068965517,1
2026-03-02 16:12:58.225351,0.010344827586206896,0.020689655172413793,88.37910344827586,90.56586206896552,1
2026-03-02 16:12:58.249391,0.010344827586206896,0.020689655172413793,89.72131034482759,90.56710344827586,1
2026-03-02 16:12:58.273483,0.006896551724137931,0.020689655172413793,92.37786206896551,90.5683448275862,1
2026-03-02 16:12:58.296817,0.010344827586206896,0.020689655172413793,88.37786206896551,90.56958620689655,1
2026-03-02 16:12:58.320903,0.013793103448275862,0.020689655172413793,88.83434482758621,90.5708275862069,1
2026-03-02 16:12:58.345427,0.010344827586206896,0.020689655172413793,90.5468275862069,90.57206896551725,1
2026-03-02 16:12:58.369268,0.013793103448275862,0.020689655172413793,88.83289655172413,90.57331034482759,1
2026-03-02 16:12:58.393466,0.013793103448275862,0.020689655172413793,89.65965517241379,90.57455172413793,1
2026-03-02 16:12:58.417864,0.010344827586206896,0.020689655172413793,90.54455172413793,90.57579310344828,1
2026-03-02 16:12:58.455447,0.013793103448275862,0.020689655172413793,88.83062068965518,90.57703448275862,1
2026-03-02 16:12:58.489323,0.006896551724137931,0.020689655172413793,93.19944827586207,90.5795172413793,1
2026-03-02 16:12:58.513391,0.010344827586206896,0.020689655172413793,89.19944827586207,90.58075862068965,1
2026-03-02 16:12:58.538208,0.010344827586206896,0.020689655172413793,89.71406896551724,90.582,1
2026-03-02 16:12:58.565686,0.010344827586206896,0.020689655172413793,89.71344827586206,90.58324137931035,1
2026-03-02 16:12:58.585936,0.013793103448275862,0.020689655172413793,88.82710344827586,90.5844827586207,1
2026-03-02 16:12:58.610376,0.010344827586206896,0.020689655172413793,90.53958620689656,90.58572413793104,1
2026-03-02 16:12:58.634249,0.010344827586206896,0.020689655172413793,89.71137931034482,90.58696551724138,1
2026-03-02 16:12:58.658868,0.013793103448275862,0.020689655172413793,88.82503448275862,90.58820689655172,1
2026-03-02 16:12:58.682569,0.010344827586206896,0.020689655172413793,90.5375172413793,90.58944827586207,1
2026-03-02 16:12:58.706837,0.010344827586206896,0.020689655172413793,89.70931034482759,90.59068965517241,1
2026-03-02 16:12:58.730931,0.013793103448275862,0.020689655172413793,88.82296551724139,90.59193103448276,1
2026-03-02 16:12:58.754844,0.010344827586206896,0.020689655172413793,90.53544827586207,90.5931724137931,1
2026-03-02 16:12:58.778847,0.006896551724137931,0.020689655172413793,92.36441379310345,90.59441379310344,1
2026-03-02 16:12:58.803328,0.013793103448275862,0.020689655172413793,88.36441379310345,90.5956551724138,1
2026-03-02 16:12:58.827182,0.010344827586206896,0.020689655172413793,90.534,90.59689655172414,1
2026-03-02 16:12:58.851376,0.006896551724137931,0.020689655172413793,92.36296551724138,90.59813793103449,1
2026-03-02 16:12:58.876381,0.013793103448275862,0.020689655172413793,88.36296551724138,90.59937931034483,1
2026-03-02 16:12:58.899684,0.006896551724137931,0.017241379310344827,92.36296551724138,89.71489655172414,1
2026-03-02 16:12:58.923963,0.010344827586206896,0.020689655172413793,88.36296551724138,91.42924137931034,1
2026-03-02 16:12:58.948250,0.013793103448275862,0.020689655172413793,88.81862068965518,90.60289655172414,1
2026-03-02 16:12:58.971725,0.010344827586206896,0.020689655172413793,90.53110344827586,90.60413793103449,1
2026-03-02 16:12:58.996033,0.010344827586206896,0.020689655172413793,89.70289655172414,90.60537931034483,1
2026-03-02 16:12:59.021208,0.010344827586206896,0.020689655172413793,89.70227586206896,90.60662068965517,1
2026-03-02 16:12:59.044265,0.010344827586206896,0.020689655172413793,89.7016551724138,90.60786206896552,1
2026-03-02 16:12:59.067896,0.010344827586206896,0.020689655172413793,89.70103448275862,90.60910344827586,1
2026-03-02 16:12:59.092570,0.013793103448275862,0.020689655172413793,88.81468965517242,90.6103448275862,1
2026-03-02 16:12:59.116435,0.010344827586206896,0.017241379310344827,90.52717241379311,89.72586206896551,1
2026-03-02 16:12:59.140723,0.010344827586206896,0.020689655172413793,89.69896551724138,91.44020689655173,1
2026-03-02 16:12:59.164956,0.013793103448275862,0.020689655172413793,88.81262068965518,90.61386206896552,1
2026-03-02 16:12:59.189097,0.010344827586206896,0.020689655172413793,90.52510344827586,90.61510344827586,1
2026-03-02 16:12:59.213018,0.010344827586206896,0.020689655172413793,89.69689655172414,90.6163448275862,1
2026-03-02 16:12:59.236963,0.013793103448275862,0.020689655172413793,88.81055172413794,90.61758620689655,1
2026-03-02 16:12:59.261214,0.010344827586206896,0.020689655172413793,90.52303448275862,90.61882758620689,1
2026-03-02 16:12:59.284934,0.010344827586206896,0.020689655172413793,89.6948275862069,90.62006896551725,1
2026-03-02 16:12:59.309322,0.013793103448275862,0.020689655172413793,88.80848275862068,90.62131034482759,1
2026-03-02 16:12:59.333719,0.006896551724137931,0.020689655172413793,92.80848275862068,90.62255172413794,1
2026-03-02 16:12:59.358176,0.010344827586206896,0.020689655172413793,88.80848275862068,90.62379310344828,1
2026-03-02 16:12:59.382002,0.013793103448275862,0.020689655172413793,88.80703448275862,90.62503448275862,1
2026-03-02 16:12:59.405714,0.006896551724137931,0.020689655172413793,92.80703448275862,90.62627586206897,1
2026-03-02 16:12:59.431137,0.010344827586206896,0.020689655172413793,88.80703448275862,90.62751724137931,1
2026-03-02 16:12:59.454154,0.010344827586206896,0.020689655172413793,89.69131034482758,90.62875862068965,1
2026-03-02 16:12:59.477781,0.006896551724137931,0.020689655172413793,92.34786206896551,90.63,1
2026-03-02 16:12:59.502807,0.010344827586206896,0.020689655172413793,88.34786206896551,90.63124137931034,1
2026-03-02 16:12:59.526602,0.013793103448275862,0.020689655172413793,88.8043448275862,90.63248275862068,1
2026-03-02 16:12:59.550148,0.006896551724137931,0.020689655172413793,92.8043448275862,90.63372413793104,1
2026-03-02 16:12:59.574438,0.010344827586206896,0.020689655172413793,88.8043448275862,90.63496551724138,1
2026-03-02 16:12:59.614259,0.013793103448275862,0.020689655172413793,88.80289655172413,90.63620689655173,1
2026-03-02 16:12:59.646338,0.013793103448275862,0.020689655172413793,88.80289655172413,90.63868965517241,1
2026-03-02 16:12:59.670195,0.013793103448275862,0.020689655172413793,89.6288275862069,90.63993103448276,1
2026-03-02 16:12:59.693970,0.006896551724137931,0.020689655172413793,93.17089655172414,90.6411724137931,1
2026-03-02 16:12:59.717170,0.010344827586206896,0.020689655172413793,89.17089655172414,90.64241379310344,1
2026-03-02 16:12:59.741443,0.010344827586206896,0.020689655172413793,89.68551724137932,90.64365517241379,1
2026-03-02 16:12:59.765715,0.006896551724137931,0.020689655172413793,92.34206896551724,90.64489655172414,1
2026-03-02 16:12:59.789722,0.010344827586206896,0.020689655172413793,88.34206896551724,90.64613793103449,1
2026-03-02 16:12:59.814192,0.013793103448275862,0.020689655172413793,88.79855172413794,90.64737931034483,1
2026-03-02 16:12:59.837782,0.006896551724137931,0.020689655172413793,92.79855172413794,90.64862068965517,1
2026-03-02 16:12:59.862297,0.010344827586206896,0.020689655172413793,88.79855172413794,90.64986206896552,1
2026-03-02 16:12:59.885794,0.013793103448275862,0.020689655172413793,88.79710344827586,90.65110344827586,1
2026-03-02 16:12:59.910108,0.006896551724137931,0.020689655172413793,92.79710344827586,90.6523448275862,1
2026-03-02 16:12:59.934056,0.013793103448275862,0.020689655172413793,88.79710344827586,90.65358620689655,1
2026-03-02 16:12:59.958899,0.013793103448275862,0.020689655172413793,89.62303448275863,90.65482758620689,1
2026-03-02 16:12:59.982381,0.010344827586206896,0.020689655172413793,90.50793103448275,90.65606896551724,1
2026-03-02 16:13:00.006348,0.013793103448275862,0.020689655172413793,88.794,90.65731034482758,1
2026-03-02 16:13:00.030109,0.013793103448275862,0.020689655172413793,89.62075862068966,90.65855172413794,1
2026-03-02 16:13:00.054852,0.006896551724137931,0.020689655172413793,93.1628275862069,90.65979310344828,1
2026-03-02 16:13:00.078743,0.010344827586206896,0.020689655172413793,89.1628275862069,90.66103448275862,1
2026-03-02 16:13:00.102719,0.013793103448275862,0.020689655172413793,88.79172413793104,90.66227586206897,1
2026-03-02 16:13:00.126966,0.006896551724137931,0.020689655172413793,92.79172413793104,90.66351724137931,1
2026-03-02 16:13:00.158836,0.013793103448275862,0.020689655172413793,88.79172413793104,90.66475862068965,1
2026-03-02 16:13:00.199421,0.010344827586206896,0.020689655172413793,89.6751724137931,90.66724137931034,1
2026-03-02 16:13:00.223495,0.013793103448275862,0.020689655172413793,88.78882758620689,90.66848275862068,1
2026-03-02 16:13:00.247355,0.010344827586206896,0.020689655172413793,90.50131034482759,90.66972413793104,1
2026-03-02 16:13:00.271250,0.006896551724137931,0.020689655172413793,92.33027586206896,90.67096551724138,1
2026-03-02 16:13:00.295614,0.010344827586206896,0.020689655172413793,88.33027586206896,90.67220689655173,1
2026-03-02 16:13:00.319518,0.010344827586206896,0.020689655172413793,89.67248275862069,90.67344827586207,1
2026-03-02 16:13:00.343846,0.006896551724137931,0.020689655172413793,92.32903448275862,90.67468965517241,1
2026-03-02 16:13:00.368259,0.010344827586206896,0.020689655172413793,88.32903448275862,90.67593103448276,1
2026-03-02 16:13:00.392199,0.010344827586206896,0.020689655172413793,89.67124137931035,90.6771724137931,1
2026-03-02 16:13:00.416453,0.006896551724137931,0.020689655172413793,92.32779310344827,90.67841379310345,1
2026-03-02 16:13:00.440088,0.013793103448275862,0.020689655172413793,88.32779310344827,90.67965517241379,1
2026-03-02 16:13:00.466835,0.010344827586206896,0.020689655172413793,90.49737931034483,90.68089655172413,1
2026-03-02 16:13:00.488307,0.010344827586206896,0.020689655172413793,89.6691724137931,90.68213793103448,1
2026-03-02 16:13:00.511984,0.013793103448275862,0.020689655172413793,88.78282758620689,90.68337931034483,1
2026-03-02 16:13:00.536150,0.010344827586206896,0.020689655172413793,90.49531034482759,90.68462068965518,1
2026-03-02 16:13:00.560097,0.010344827586206896,0.020689655172413793,89.66710344827587,90.68586206896552,1
2026-03-02 16:13:00.584146,0.013793103448275862,0.020689655172413793,88.78075862068965,90.68710344827586,1
2026-03-02 16:13:00.607946,0.010344827586206896,0.020689655172413793,90.49324137931035,90.6883448275862,1
2026-03-02 16:13:00.632013,0.010344827586206896,0.017241379310344827,89.66503448275861,89.80386206896551,1
2026-03-02 16:13:00.655971,0.013793103448275862,0.020689655172413793,88.77868965517241,91.51820689655172,1
2026-03-02 16:13:00.680406,0.010344827586206896,0.020689655172413793,90.49117241379311,90.69186206896552,1
2026-03-02 16:13:00.704657,0.010344827586206896,0.020689655172413793,89.66296551724137,90.69310344827586,1
2026-03-02 16:13:00.728330,0.013793103448275862,0.020689655172413793,88.77662068965518,90.6943448275862,1
2026-03-02 16:13:00.752631,0.006896551724137931,0.020689655172413793,92.77662068965518,90.69558620689655,1
2026-03-02 16:13:00.776616,0.010344827586206896,0.020689655172413793,88.77662068965518,90.6968275862069,1
2026-03-02 16:13:00.800441,0.010344827586206896,0.020689655172413793,89.66089655172414,90.69806896551724,1
2026-03-02 16:13:00.824719,0.010344827586206896,0.020689655172413793,89.66027586206897,90.69931034482758,1
2026-03-02 16:13:00.848678,0.010344827586206896,0.020689655172413793,89.65965517241379,90.70055172413792,1
2026-03-02 16:13:00.872684,0.010344827586206896,0.020689655172413793,89.65903448275861,90.70179310344828,1
2026-03-02 16:13:00.897057,0.010344827586206896,0.020689655172413793,89.65841379310345,90.70303448275862,1
2026-03-02 16:13:00.923991,0.010344827586206896,0.020689655172413793,89.65779310344827,90.70427586206897,1
2026-03-02 16:13:00.948537,0.013793103448275862,0.020689655172413793,88.77144827586207,90.70551724137931,1
2026-03-02 16:13:00.973430,0.006896551724137931,0.020689655172413793,92.77144827586207,90.70675862068966,1
2026-03-02 16:13:01.000003,0.010344827586206896,0.020689655172413793,88.77144827586207,90.708,1
2026-03-02 16:13:01.024917,0.010344827586206896,0.020689655172413793,89.65572413793103,90.70924137931034,1
2026-03-02 16:13:01.050416,0.006896551724137931,0.020689655172413793,92.31227586206897,90.71048275862069,1
2026-03-02 16:13:01.076245,0.010344827586206896,0.020689655172413793,88.31227586206897,90.71172413793103,1
2026-03-02 16:13:01.100057,0.010344827586206896,0.020689655172413793,89.65448275862069,90.71296551724137,1
2026-03-02 16:13:01.128208,0.006896551724137931,0.020689655172413793,92.31103448275861,90.71420689655173,1
2026-03-02 16:13:01.171553,0.013793103448275862,0.020689655172413793,88.76751724137931,90.71668965517242,1
2026-03-02 16:13:01.195811,0.006896551724137931,0.020689655172413793,92.76751724137931,90.71793103448276,1
2026-03-02 16:13:01.219387,0.010344827586206896,0.020689655172413793,88.76751724137931,90.7191724137931,1
2026-03-02 16:13:01.244882,0.013793103448275862,0.020689655172413793,88.76606896551723,90.72041379310345,1
2026-03-02 16:13:01.267900,0.006896551724137931,0.020689655172413793,92.76606896551723,90.72165517241379,1
2026-03-02 16:13:01.292099,0.010344827586206896,0.020689655172413793,88.76606896551723,90.72289655172413,1
2026-03-02 16:13:01.316364,0.013793103448275862,0.020689655172413793,88.76462068965517,90.72413793103448,1
2026-03-02 16:13:01.339797,0.006896551724137931,0.020689655172413793,92.76462068965517,90.72537931034482,1
2026-03-02 16:13:01.364418,0.010344827586206896,0.020689655172413793,88.76462068965517,90.72662068965518,1
2026-03-02 16:13:01.388414,0.013793103448275862,0.020689655172413793,88.7631724137931,90.72786206896552,1
2026-03-02 16:13:01.413071,0.006896551724137931,0.020689655172413793,92.7631724137931,90.72910344827586,1
2026-03-02 16:13:01.436930,0.010344827586206896,0.020689655172413793,88.7631724137931,90.73034482758621,1
2026-03-02 16:13:01.460913,0.013793103448275862,0.020689655172413793,88.76172413793104,90.73158620689655,1
2026-03-02 16:13:01.484698,0.006896551724137931,0.020689655172413793,92.76172413793104,90.7328275862069,1
2026-03-02 16:13:01.509006,0.010344827586206896,0.020689655172413793,88.76172413793104,90.73406896551724,1
2026-03-02 16:13:01.533000,0.010344827586206896,0.020689655172413793,89.646,90.73531034482758,1
2026-03-02 16:13:01.557375,0.006896551724137931,0.020689655172413793,92.30255172413793,90.73655172413793,1
2026-03-02 16:13:01.581562,0.010344827586206896,0.020689655172413793,88.30255172413793,90.73779310344827,1
2026-03-02 16:13:01.612355,0.010344827586206896,0.020689655172413793,89.64475862068966,90.73903448275863,1
2026-03-02 16:13:01.653402,0.010344827586206896,0.020689655172413793,88.30131034482758,90.74151724137931,1
2026-03-02 16:13:01.677521,0.013793103448275862,0.020689655172413793,88.75779310344828,90.74275862068966,1
2026-03-02 16:13:01.700716,0.006896551724137931,0.020689655172413793,92.75779310344828,90.744,1
2026-03-02 16:13:01.725439,0.010344827586206896,0.020689655172413793,88.75779310344828,90.74524137931034,1
2026-03-02 16:13:01.749607,0.013793103448275862,0.017241379310344827,88.7563448275862,89.86075862068965,1
2026-03-02 16:13:01.772944,0.006896551724137931,0.020689655172413793,92.7563448275862,91.57510344827587,1
2026-03-02 16:13:01.797643,0.010344827586206896,0.020689655172413793,88.7563448275862,90.74875862068966,1
2026-03-02 16:13:01.821505,0.010344827586206896,0.020689655172413793,89.64062068965518,90.75,1
2026-03-02 16:13:01.846324,0.006896551724137931,0.020689655172413793,92.2971724137931,90.75124137931034,1
2026-03-02 16:13:01.869884,0.010344827586206896,0.020689655172413793,88.2971724137931,90.75248275862069,1
2026-03-02 16:13:01.894396,0.010344827586206896,0.020689655172413793,89.63937931034482,90.75372413793103,1
2026-03-02 16:13:01.918625,0.010344827586206896,0.020689655172413793,89.63875862068966,90.75496551724137,1
2026-03-02 16:13:01.942670,0.010344827586206896,0.020689655172413793,89.63813793103448,90.75620689655172,1
2026-03-02 16:13:01.966892,0.010344827586206896,0.020689655172413793,89.63751724137931,90.75744827586207,1
2026-03-02 16:13:01.990882,0.010344827586206896,0.020689655172413793,89.63689655172413,90.75868965517242,1
2026-03-02 16:13:02.014869,0.013793103448275862,0.020689655172413793,88.75055172413794,90.75993103448276,1
2026-03-02 16:13:02.040692,0.010344827586206896,0.020689655172413793,90.46303448275862,90.7611724137931,1
2026-03-02 16:13:02.066711,0.006896551724137931,0.020689655172413793,92.292,90.76241379310345,1
2026-03-02 16:13:02.091723,0.013793103448275862,0.020689655172413793,88.292,90.76365517241379,1
2026-03-02 16:13:02.117655,0.010344827586206896,0.020689655172413793,90.46158620689656,90.76489655172414,1
2026-03-02 16:13:02.143711,0.010344827586206896,0.020689655172413793,89.63337931034482,90.76613793103448,1
2026-03-02 16:13:02.168662,0.010344827586206896,0.020689655172413793,89.63275862068966,90.76737931034482,1
2026-03-02 16:13:02.194049,0.010344827586206896,0.020689655172413793,89.63213793103448,90.76862068965517,1
2026-03-02 16:13:02.221726,0.010344827586206896,0.020689655172413793,89.63151724137931,90.76986206896552,1
2026-03-02 16:13:02.244975,0.010344827586206896,0.020689655172413793,89.63089655172413,90.77110344827587,1
2026-03-02 16:13:02.270313,0.010344827586206896,0.020689655172413793,89.63027586206897,90.77234482758621,1
2026-03-02 16:13:02.294960,0.010344827586206896,0.020689655172413793,89.62965517241379,90.77358620689655,1
2026-03-02 16:13:02.318934,0.017241379310344827,0.017241379310344827,87.85758620689656,89.88910344827586,1
2026-03-02 16:13:02.342422,0.010344827586206896,0.020689655172413793,91.2831724137931,91.60344827586206,1
2026-03-02 16:13:02.366846,0.010344827586206896,0.020689655172413793,89.62737931034482,90.77710344827587,1
2026-03-02 16:13:02.391636,0.010344827586206896,0.020689655172413793,89.62675862068966,90.77834482758621,1
2026-03-02 16:13:02.415373,0.010344827586206896,0.020689655172413793,89.62613793103448,90.77958620689655,1
2026-03-02 16:13:02.439740,0.010344827586206896,0.020689655172413793,89.62551724137931,90.7808275862069,1
2026-03-02 16:13:02.464816,0.010344827586206896,0.020689655172413793,89.62489655172413,90.78206896551724,1
2026-03-02 16:13:02.488345,0.010344827586206896,0.020689655172413793,89.62427586206897,90.78331034482758,1
2026-03-02 16:13:02.512296,0.010344827586206896,0.020689655172413793,89.62365517241379,90.78455172413793,1
2026-03-02 16:13:02.536569,0.017241379310344827,0.017241379310344827,87.85158620689656,89.90006896551724,1
2026-03-02 16:13:02.560563,0.010344827586206896,0.020689655172413793,91.27717241379311,91.61441379310345,1
2026-03-02 16:13:02.585024,0.010344827586206896,0.020689655172413793,89.62137931034482,90.78806896551724,1
2026-03-02 16:13:02.607955,0.017241379310344827,0.017241379310344827,87.84931034482759,89.90358620689655,1
2026-03-02 16:13:02.632517,0.006896551724137931,0.020689655172413793,91.84931034482759,91.61793103448275,1
2026-03-02 16:13:02.656472,0.010344827586206896,0.020689655172413793,87.84931034482759,90.79158620689655,1
2026-03-02 16:13:02.680331,0.010344827586206896,0.020689655172413793,89.61910344827587,90.7928275862069,1
2026-03-02 16:13:02.704933,0.006896551724137931,0.020689655172413793,92.27565517241379,90.79406896551724,1
2026-03-02 16:13:02.729198,0.010344827586206896,0.020689655172413793,88.27565517241379,90.79531034482758,1
2026-03-02 16:13:02.753590,0.010344827586206896,0.020689655172413793,89.61786206896552,90.79655172413793,1
2026-03-02 16:13:02.777363,0.006896551724137931,0.020689655172413793,92.27441379310345,90.79779310344827,1
2026-03-02 16:13:02.801175,0.010344827586206896,0.020689655172413793,88.27441379310345,90.79903448275861,1
2026-03-02 16:13:02.825097,0.010344827586206896,0.020689655172413793,89.61662068965518,90.80027586206897,1
2026-03-02 16:13:02.849702,0.006896551724137931,0.020689655172413793,92.2731724137931,90.80151724137932,1
2026-03-02 16:13:02.873590,0.010344827586206896,0.020689655172413793,88.2731724137931,90.80275862068966,1
2026-03-02 16:13:02.897581,0.010344827586206896,0.020689655172413793,89.61537931034482,90.804,1
2026-03-02 16:13:02.924840,0.006896551724137931,0.020689655172413793,92.27193103448276,90.80524137931035,1
2026-03-02 16:13:02.946471,0.010344827586206896,0.020689655172413793,88.27193103448276,90.80648275862069,1
2026-03-02 16:13:02.970042,0.010344827586206896,0.020689655172413793,89.61413793103448,90.80772413793103,1
2026-03-02 16:13:02.993588,0.010344827586206896,0.020689655172413793,89.61351724137931,90.80896551724138,1
2026-03-02 16:13:03.017752,0.013793103448275862,0.020689655172413793,88.7271724137931,90.81020689655172,1
2026-03-02 16:13:03.042023,0.013793103448275862,0.020689655172413793,89.55393103448276,90.81144827586206,1
2026-03-02 16:13:03.065669,0.010344827586206896,0.020689655172413793,90.4388275862069,90.81268965517242,1
2026-03-02 16:13:03.089742,0.013793103448275862,0.020689655172413793,88.72489655172414,90.81393103448276,1
2026-03-02 16:13:03.114146,0.013793103448275862,0.020689655172413793,89.55165517241379,90.8151724137931,1
2026-03-02 16:13:03.138200,0.006896551724137931,0.020689655172413793,93.09372413793103,90.81641379310345,1
2026-03-02 16:13:03.161710,0.010344827586206896,0.020689655172413793,89.09372413793103,90.8176551724138,1
2026-03-02 16:13:03.185921,0.010344827586206896,0.020689655172413793,89.60834482758621,90.81889655172414,1
2026-03-02 16:13:03.210306,0.006896551724137931,0.020689655172413793,92.26489655172414,90.82013793103448,1
2026-03-02 16:13:03.234283,0.010344827586206896,0.020689655172413793,88.26489655172414,90.82137931034482,1
2026-03-02 16:13:03.258753,0.013793103448275862,0.020689655172413793,88.72137931034483,90.82262068965517,1
2026-03-02 16:13:03.283265,0.006896551724137931,0.020689655172413793,92.72137931034483,90.82386206896551,1
2026-03-02 16:13:03.307082,0.010344827586206896,0.020689655172413793,88.72137931034483,90.82510344827587,1
2026-03-02 16:13:03.331280,0.013793103448275862,0.020689655172413793,88.71993103448276,90.82634482758621,1
2026-03-02 16:13:03.355013,0.006896551724137931,0.020689655172413793,92.71993103448276,90.82758620689656,1
2026-03-02 16:13:03.379918,0.010344827586206896,0.020689655172413793,88.71993103448276,90.8288275862069,1
2026-03-02 16:13:03.403240,0.013793103448275862,0.020689655172413793,88.7184827586207,90.83006896551724,1
2026-03-02 16:13:03.427292,0.006896551724137931,0.020689655172413793,92.7184827586207,90.83131034482759,1
2026-03-02 16:13:03.452510,0.010344827586206896,0.020689655172413793,88.7184827586207,90.83255172413793,1
2026-03-02 16:13:03.476840,0.010344827586206896,0.020689655172413793,89.60275862068966,90.83379310344827,1
2026-03-02 16:13:03.500083,0.010344827586206896,0.020689655172413793,89.60213793103448,90.83503448275862,1
2026-03-02 16:13:03.523971,0.010344827586206896,0.020689655172413793,89.60151724137931,90.83627586206896,1
2026-03-02 16:13:03.547849,0.010344827586206896,0.020689655172413793,89.60089655172413,90.83751724137932,1
2026-03-02 16:13:03.583911,0.010344827586206896,0.020689655172413793,89.60027586206897,90.83875862068966,1
2026-03-02 16:13:03.620030,0.010344827586206896,0.020689655172413793,89.59903448275863,90.84124137931035,1
2026-03-02 16:13:03.644692,0.010344827586206896,0.020689655172413793,89.59841379310345,90.84248275862069,1
2026-03-02 16:13:03.668184,0.013793103448275862,0.020689655172413793,88.71206896551725,90.84372413793103,1
2026-03-02 16:13:03.692177,0.010344827586206896,0.020689655172413793,90.42455172413793,90.84496551724138,1
2026-03-02 16:13:03.716639,0.010344827586206896,0.020689655172413793,89.59634482758621,90.84620689655172,1
2026-03-02 16:13:03.752956,0.010344827586206896,0.020689655172413793,89.59572413793103,90.84744827586206,1
2026-03-02 16:13:03.788946,0.010344827586206896,0.020689655172413793,89.59448275862069,90.84993103448276,1
2026-03-02 16:13:03.813204,0.010344827586206896,0.020689655172413793,89.59386206896552,90.85117241379311,1
2026-03-02 16:13:03.836456,0.010344827586206896,0.020689655172413793,89.59324137931034,90.85241379310345,1
2026-03-02 16:13:03.862681,0.010344827586206896,0.020689655172413793,89.59262068965518,90.8536551724138,1
2026-03-02 16:13:03.888052,0.013793103448275862,0.020689655172413793,88.70627586206896,90.85489655172414,1
2026-03-02 16:13:03.913684,0.010344827586206896,0.020689655172413793,90.41875862068966,90.85613793103448,1
2026-03-02 16:13:03.939887,0.010344827586206896,0.020689655172413793,89.59055172413792,90.85737931034483,1
2026-03-02 16:13:03.965466,0.013793103448275862,0.020689655172413793,88.70420689655172,90.85862068965517,1
2026-03-02 16:13:03.990196,0.010344827586206896,0.020689655172413793,90.41668965517242,90.85986206896551,1
2026-03-02 16:13:04.016195,0.010344827586206896,0.020689655172413793,89.58848275862069,90.86110344827586,1
2026-03-02 16:13:04.041672,0.013793103448275862,0.020689655172413793,88.70213793103449,90.86234482758621,1
2026-03-02 16:13:04.066284,0.010344827586206896,0.020689655172413793,90.41462068965517,90.86358620689656,1
2026-03-02 16:13:04.091722,0.010344827586206896,0.020689655172413793,89.58641379310345,90.8648275862069,1
2026-03-02 16:13:04.130441,0.013793103448275862,0.020689655172413793,88.70006896551725,90.86606896551724,1
2026-03-02 16:13:04.164594,0.010344827586206896,0.020689655172413793,89.58434482758621,90.86855172413793,1
2026-03-02 16:13:04.188786,0.013793103448275862,0.020689655172413793,88.698,90.86979310344827,1
2026-03-02 16:13:04.212745,0.010344827586206896,0.020689655172413793,90.41048275862069,90.87103448275862,1
2026-03-02 16:13:04.236660,0.010344827586206896,0.020689655172413793,89.58227586206897,90.87227586206896,1
2026-03-02 16:13:04.260874,0.010344827586206896,0.020689655172413793,89.58165517241379,90.8735172413793,1
2026-03-02 16:13:04.284606,0.006896551724137931,0.020689655172413793,92.23820689655173,90.87475862068966,1
2026-03-02 16:13:04.308573,0.010344827586206896,0.020689655172413793,88.23820689655173,90.876,1
2026-03-02 16:13:04.332834,0.010344827586206896,0.020689655172413793,89.58041379310345,90.87724137931035,1
2026-03-02 16:13:04.356564,0.010344827586206896,0.020689655172413793,89.57979310344828,90.87848275862069,1
2026-03-02 16:13:04.380836,0.010344827586206896,0.020689655172413793,89.5791724137931,90.87972413793103,1
2026-03-02 16:13:04.409521,0.010344827586206896,0.020689655172413793,89.57855172413794,90.88096551724138,1
2026-03-02 16:13:04.452930,0.010344827586206896,0.020689655172413793,88.23510344827586,90.88344827586207,1
2026-03-02 16:13:04.476946,0.010344827586206896,0.020689655172413793,89.57731034482758,90.88468965517241,1
2026-03-02 16:13:04.501221,0.006896551724137931,0.020689655172413793,92.23386206896552,90.88593103448275,1
2026-03-02 16:13:04.525273,0.010344827586206896,0.020689655172413793,88.23386206896552,90.88717241379311,1
2026-03-02 16:13:04.549575,0.010344827586206896,0.020689655172413793,89.57606896551724,90.88841379310345,1
2026-03-02 16:13:04.573013,0.006896551724137931,0.020689655172413793,92.23262068965518,90.8896551724138,1
